{
  "reg_linear_test": {
    "RMSE": 2.8664242143775134,
    "MAE": 2.49406384080066,
    "R2": 6.107036323166337e-05
  },
  "reg_rf_test": {
    "RMSE": 2.870848853699674,
    "MAE": 2.493772366197183,
    "R2": -0.003028342456031119
  },
  "reg_xgb_test": {
    "RMSE": 2.8772211679415833,
    "MAE": 2.4948136238783176,
    "R2": -0.007486052162677614
  }
}